CustNo,CustName,Street,Thana,District,Division,Phone1,Phone2,Phone3
1,Anika Rahman,12 Green Road,Dhanmondi,Dhaka,Dhaka,01711122334,01812345678,
2,Tariq Hossain,45 North Lane,Khulshi,Chattogram,Chattogram,01987654321,01700000000,01610000000
3,Nusrat Jahan,88 Main Street,Savar,Dhaka,Dhaka,01822223344,,
4,Md. Saifullah,22 West Road,Boalia,Rajshahi,Rajshahi,01755556666,01999999999,
5,Fahim Ahmed,101 Lakeview,Rupsha,Khulna,Khulna,01612345678,,
6,Sadia Karim,7 Park Avenue,Sadar,Mymensingh,Mymensingh,01777778888,01888889999,01999990000
7,Imran Kabir,34 Old Town,Kotwali,Sylhet,Sylhet,01810001122,,
8,Nahid Hasan,50 South Road,Sadar,Barisal,Barisal,01987654321,01787654321,
9,Lamia Chowdhury,99 College Rd,Shibganj,Bogura,Rajshahi,01712344321,01612344321,
10,Afsana Mim,27 Hill View,Bandarban,Bandarban,Chattogram,01832165498,01987659876,01712345678
